Order_ID,Order_Date,Retailer_ID,Product_SKU,Product_Price,Product_Cost,Order_Quantity,Customer_ID,Product_Discount
1001,1/27/2021,5,14,968.14,80.87,6,168,49.55
1002,7/10/2021,19,15,72.42,775.17,6,78,98.96
1003,7/23/2024,5,50,723.66,669.09,8,74,1280.7
1004,11/17/2024,22,23,21.56,114.65,7,99,9.22
1005,3/10/2021,4,34,989.9,105.46,4,65,1151.38
1006,11/24/2022,15,10,970.55,333.57,7,145,1337.76
1007,2/2/2021,3,10,705.63,97.65,9,15,240.07
1008,2/21/2021,15,18,780.04,379.31,5,76,997.91
1009,10/23/2023,7,43,458.65,625.06,5,131,129.31
1010,5/25/2023,15,44,742.45,193.21,9,103,980.47
1011,5/28/2022,25,5,684.13,315.77,2,175,78.25
1012,2/7/2024,24,37,32.41,75.88,1,186,7.06
1013,12/9/2024,22,9,545.64,156.25,5,47,642.3
1014,10/21/2023,2,29,755.82,773.95,3,155,643.58
1015,6/1/2023,11,3,39.94,549.56,7,95,42.99
1016,7/2/2022,8,43,704.44,744.97,8,168,474.57
1017,2/1/2023,20,26,854.72,476.93,7,196,1234.11
1018,12/5/2022,2,28,479.67,73,4,17,108.49
1019,11/5/2022,18,14,274.85,677.56,2,8,128.59
1020,2/4/2022,22,49,799.42,33.53,7,148,1227.23
1021,3/1/2021,19,45,436.66,653.58,3,95,234.96
1022,12/18/2024,14,12,871.39,318.69,6,137,897.4
1023,1/9/2022,10,14,636.27,123.29,9,47,1155.93
1024,9/7/2023,3,21,462.36,536.58,10,63,813.47
1025,9/18/2022,2,10,529.62,498.68,7,51,136.25
1026,3/3/2022,6,21,974.65,364.52,1,42,194.83
1027,3/14/2024,21,5,689.85,647.21,7,58,688.66
1028,7/19/2024,11,24,841.74,697.78,2,169,295.09
1029,9/21/2021,12,18,406.89,789.08,2,101,65.65
1030,7/16/2021,18,10,891.8,328.08,5,88,939.18
1031,2/19/2023,30,8,45.03,288.18,8,101,10.37
1032,8/27/2021,7,32,388.81,106.3,8,11,102.58
1033,12/1/2024,13,9,690.61,792.58,10,63,251.12
1034,6/11/2022,13,5,458.88,749.23,6,83,552.09
1035,7/22/2023,11,40,229.31,751.83,10,83,568.08
1036,10/24/2021,24,26,194.55,331.91,10,104,569.49
1037,12/25/2021,13,48,686.91,620.02,5,184,99.64
1038,9/14/2024,21,1,664.97,316.69,5,43,495.38
1039,4/4/2022,14,50,432.64,35.78,2,126,89.03
1040,12/15/2022,10,44,612.03,323.01,9,116,558.71
1041,3/28/2023,16,42,412.64,767.55,4,33,414.5
1042,8/22/2021,13,16,545.64,422.64,5,46,575.52
1043,2/9/2024,21,32,850.2,542.3,6,53,962.63
1044,3/18/2023,1,1,263.07,18.06,1,105,71.09
1045,3/25/2024,25,13,688.14,409.42,8,64,1226.94
1046,2/5/2022,7,19,420.12,604.7,2,198,121.75
1047,7/22/2023,3,19,549.47,366.85,7,17,726.74
1048,11/6/2022,30,28,976.91,614.05,9,175,1852.76
1049,1/11/2024,16,26,603.64,454.44,4,177,319.32
1050,5/14/2024,10,22,192.88,590.97,4,72,75.08
1051,12/2/2022,17,34,885.99,586.96,8,26,29.59
1052,8/25/2023,1,45,355.49,278.99,7,46,191.07
1053,12/5/2023,4,12,849.43,561.02,7,181,483.97
1054,11/2/2022,28,45,98.64,436.25,8,168,75.25
1055,1/22/2022,28,44,81.27,704.35,10,66,20.49
1056,8/6/2024,25,26,125.21,69.77,8,102,273.03
1057,11/15/2023,26,40,857,307.54,9,77,816.08
1058,5/11/2024,22,45,399.4,515.99,7,39,787.44
1059,9/3/2023,2,25,879.83,30.01,4,11,1034.7
1060,11/28/2022,2,29,360.84,173.49,10,171,139.52
1061,9/27/2022,5,18,385.57,510.71,1,119,64.19
1062,6/9/2023,5,15,283.28,725.79,7,156,341.35
1063,12/14/2024,19,3,485.53,401.76,1,81,34.38
1064,11/15/2024,22,8,235.12,150.04,5,92,236.65
1065,7/2/2023,14,37,811.59,606.2,2,169,395.85
1066,5/21/2024,7,44,433.62,25.6,7,181,71.23
1067,6/12/2024,2,4,744.49,499.68,7,97,1076.29
1068,4/7/2022,30,7,874.17,459.15,7,181,1100.11
1069,10/5/2022,14,40,885.92,129.58,5,51,621.89
1070,6/29/2021,4,42,373.04,50.68,7,198,263.8
1071,4/26/2023,12,32,582.72,43.1,1,6,71.67
1072,9/19/2023,8,3,117.72,149.63,3,50,3.8
1073,4/23/2021,16,11,152.03,203.45,3,36,60.5
1074,10/12/2024,28,9,159.67,633.56,9,165,329.95
1075,1/30/2021,19,3,199.71,147.16,4,158,113
1076,10/18/2021,1,50,42.07,775.84,1,86,3.78
1077,7/25/2021,29,6,279.5,398.08,5,180,306.98
1078,2/18/2023,20,17,62.71,323.16,1,130,1.25
1079,4/21/2023,22,47,72.67,412.79,3,83,36.02
1080,2/28/2021,15,48,242.86,669.17,7,192,501.49
1081,3/27/2022,11,2,186.15,54.32,2,199,29.62
1082,3/12/2022,18,11,181.14,76.52,9,73,385.85
1083,3/4/2022,17,49,593.11,746.79,4,152,567.94
1084,11/30/2024,3,48,142.77,767,2,83,75.31
1085,12/26/2024,29,35,712.37,323.38,5,46,259.08
1086,5/12/2023,24,39,977.13,403.4,4,22,656.08
1087,8/8/2022,30,47,703.99,326.36,5,19,955.43
1088,1/15/2021,4,34,960.84,182.01,3,173,7.09
1089,11/16/2024,1,48,901.23,601.43,8,116,353.64
1090,3/27/2023,13,34,994.94,527.07,10,137,775.54
1091,8/25/2022,17,44,253.74,421.16,7,170,411.77
1092,10/22/2023,21,34,785.65,175.26,7,36,117.28
1093,8/27/2021,16,28,704.13,591.72,5,11,946.1
1094,6/8/2024,21,9,447.23,420.85,7,172,295.8
1095,8/1/2024,24,46,693.42,141.94,7,24,1294.81
1096,11/14/2021,27,37,165.45,437.02,2,62,60.43
1097,10/24/2022,6,6,41.71,308.44,7,56,39.88
1098,5/31/2021,24,4,152.79,704.27,6,51,192.95
1099,3/10/2023,7,15,698.25,697.08,1,126,158.28
1100,7/14/2024,7,31,323.45,235.54,1,113,51.22
1101,3/21/2024,28,10,361.76,247.13,4,166,7.06
1102,5/11/2022,28,19,901.82,289.43,7,188,145.3
1103,3/5/2023,22,8,487.75,375.86,4,142,393.07
1104,2/11/2024,21,47,752.5,443.98,5,129,811.33
1105,1/19/2024,25,3,643.32,388.21,2,147,176.2
1106,7/25/2023,20,7,816.87,654.04,9,54,492.84
1107,1/3/2021,14,41,541.79,153.74,3,73,353.85
1108,3/11/2024,15,3,437.27,777.08,4,57,9.22
1109,5/24/2021,5,4,503.42,513.27,6,84,492.32
1110,12/21/2021,16,13,78.93,755.13,2,33,3.85
1111,1/19/2024,1,39,618.75,421.13,1,105,167.49
1112,4/29/2024,10,12,635.38,666.91,9,133,1347.6
1113,2/19/2022,15,7,173.24,777.14,7,105,157.25
1114,1/17/2021,24,13,426.73,32.53,7,168,550.27
1115,8/1/2022,29,7,296.86,148.8,1,197,68.44
1116,7/19/2024,19,48,392.97,664.33,7,158,177.5
1117,2/21/2023,21,6,791.03,503.01,7,87,760.49
1118,2/10/2021,30,8,985.81,621.78,10,34,0.28
1119,11/14/2023,21,30,518.2,615.68,9,30,1040.98
1120,2/25/2024,4,32,811.61,201.7,10,92,1767.59
1121,6/25/2022,15,36,963.83,198.94,7,145,220.85
1122,7/24/2024,21,4,421.47,235.99,6,172,542.31
1123,1/24/2023,18,41,887.79,70.42,9,28,1744.88
1124,1/22/2024,27,50,47.92,77.53,5,177,30.69
1125,1/1/2023,9,14,692.57,457.9,5,15,361.96
1126,3/25/2024,21,34,399.45,401.05,8,53,216
1127,3/7/2024,1,47,297.13,227.55,1,181,58.25
1128,1/22/2024,1,7,842.23,433.52,2,184,39.01
1129,8/6/2023,27,12,584.31,416.07,8,198,267.43
1130,10/20/2022,8,3,652.45,41.41,4,133,221.27
1131,1/27/2024,21,28,375.19,347.78,10,157,794.62
1132,5/12/2021,17,33,615.09,54.95,8,32,523.32
1133,6/18/2021,3,27,920.25,315.57,8,58,2205.53
1134,12/7/2023,28,31,854.97,459.71,10,33,448.74
1135,4/16/2024,18,44,993.04,115.59,9,150,2515.73
1136,12/16/2022,24,41,444.24,130.27,3,115,57.99
1137,9/26/2022,19,36,878.03,247.53,6,66,1322.13
1138,5/2/2022,22,41,377.45,312.09,5,55,485.23
1139,1/1/2023,5,1,85.81,167.58,1,133,6.9
1140,1/30/2021,4,50,411.77,676.13,4,145,147.85
1141,1/10/2021,8,49,509.15,255.28,7,59,670.78
1142,3/28/2021,16,9,773.31,274.72,1,137,147.24
1143,12/22/2024,30,35,246.67,549.82,9,129,291.11
1144,10/23/2024,4,39,405.95,444.94,10,3,733.51
1145,11/22/2023,10,24,428.57,105.44,9,139,27.27
1146,11/21/2022,13,44,780.93,587.47,1,11,156.9
1147,7/9/2024,25,36,537.58,329.44,9,177,587.99
1148,12/22/2022,21,16,127.5,112.99,10,158,119.14
1149,5/3/2022,16,50,493.07,652.19,6,101,333.53
1150,12/2/2024,19,13,119.82,715.48,10,29,257.65
1151,6/15/2023,21,38,897.21,747.44,1,168,124.97
1152,12/17/2024,7,17,559.67,658.14,7,143,654.76
1153,12/16/2022,25,22,928.01,371.86,3,143,248.36
1154,5/8/2023,24,35,780.96,719.8,3,146,622.51
1155,9/11/2023,6,47,649.41,262.48,5,127,723.52
1156,4/12/2022,25,43,354.93,274.63,1,114,59.29
1157,10/30/2021,19,4,780.02,563.27,2,54,455.13
1158,2/5/2024,3,45,296.19,66.53,7,34,149.41
1159,3/7/2024,8,3,254.91,420.71,1,167,67
1160,12/25/2024,18,37,22.21,559.35,8,29,50.54
1161,10/25/2024,14,35,397.48,578.64,3,199,266.67
1162,7/18/2023,18,3,653,588.19,6,55,460.51
1163,2/19/2022,10,46,815.86,763.17,9,95,1149.78
1164,10/24/2022,15,12,199.64,795.63,1,73,34.35
1165,6/3/2023,12,17,982.13,310.11,3,118,468.64
1166,12/28/2022,19,32,663.24,766.22,5,195,942.44
1167,10/31/2022,12,36,827.98,471.49,7,108,1523.97
1168,1/13/2023,15,22,924.78,263.6,2,83,345.75
1169,11/12/2024,25,11,606.3,85.16,10,19,1637.04
1170,6/17/2023,12,21,323.78,134.05,7,69,513.14
1171,5/20/2024,6,10,783.41,116.64,6,120,390.53
1172,9/28/2022,12,7,761.87,588.83,1,87,1.76
1173,11/24/2024,2,34,872.59,226.31,4,132,867.94
1174,6/28/2024,11,13,450.59,781.74,4,41,59.29
1175,1/4/2022,19,26,845.2,304.23,4,89,120.07
1176,9/19/2023,14,1,650.91,103.52,2,124,61.25
1177,11/6/2021,12,42,393.69,116.03,4,5,55.04
1178,12/18/2022,27,21,141.4,181.86,8,132,205.55
1179,1/30/2023,18,44,549.72,711.75,3,177,467.4
1180,6/13/2023,18,13,668.72,768.2,9,134,1329.48
1181,12/9/2023,27,46,78.1,153.7,8,185,96.48
1182,4/17/2022,22,43,905.97,773.86,7,128,154.83
1183,12/5/2022,29,15,206.28,205,8,103,254.21
1184,4/20/2023,17,18,964.53,465.93,4,61,914.58
1185,12/27/2023,24,41,110.66,101.6,6,125,166.56
1186,5/17/2024,21,24,135.19,51.55,5,83,202.73
1187,7/6/2023,9,16,462.06,363.34,3,36,175.51
1188,1/10/2022,19,26,709.16,242.03,8,49,1442.3
1189,12/8/2024,3,26,390.88,325.28,9,33,209.59
1190,10/28/2021,18,20,319.6,704,8,182,141.13
1191,9/15/2024,17,13,709.76,577.45,8,17,945.44
1192,10/20/2021,27,8,705.43,787.65,6,151,146.69
1193,11/30/2022,24,9,745.63,11.51,4,63,39.15
1194,10/25/2023,11,41,440.6,400,1,2,34.63
1195,9/29/2024,8,7,221.25,295.1,3,91,63.38
1196,10/22/2022,15,34,414.01,218.46,3,72,351.98
1197,7/28/2023,15,38,296.6,236.24,3,65,116.85
1198,12/6/2023,23,1,757.36,499.74,2,61,206.26
1199,4/10/2021,8,44,563.67,685.62,8,74,100.88
1200,1/26/2024,26,37,776.78,450.5,4,4,348.17
1201,6/15/2024,17,8,521.84,147.68,10,60,897.5
1202,9/27/2021,25,24,617.71,153.45,2,30,318.1
1203,4/16/2022,7,20,667.47,139.24,2,167,92.86
1204,8/7/2023,22,49,685.12,581.2,8,88,1574.02
1205,8/3/2021,12,9,142.51,768.66,10,161,370.83
1206,12/4/2022,18,1,654.51,735.06,5,24,219.32
1207,1/29/2023,6,34,264.76,345.85,10,107,309.24
1208,11/26/2023,18,2,617.44,409.13,1,173,114
1209,6/9/2021,20,28,715.88,628.25,6,124,177.36
1210,12/3/2021,18,10,545.62,590.07,5,63,222.12
1211,9/14/2023,22,30,752.34,373.61,5,56,670.94
1212,8/1/2021,14,1,823.66,483.61,4,69,158.93
1213,12/30/2021,14,16,449.89,766.53,6,185,387.72
1214,3/2/2021,6,21,765.89,545.46,7,198,1366.16
1215,11/16/2024,3,8,932.5,335.88,10,60,1443.73
1216,4/14/2023,2,8,790.66,338.18,3,135,265.21
1217,5/11/2022,8,34,956.41,91.65,3,125,503.8
1218,8/7/2024,12,32,868.53,708.77,9,141,1703.21
1219,6/17/2023,27,7,246.47,789.86,6,13,153.85
1220,12/29/2021,20,47,714.44,477.41,9,9,310.76
1221,6/10/2021,25,39,806.31,724.66,6,51,539.89
1222,1/29/2022,22,16,450.42,252.95,4,125,324.58
1223,12/24/2022,29,12,846.37,544.02,3,3,564.83
1224,7/15/2023,28,11,155.21,591.28,7,77,5.46
1225,2/27/2021,27,1,529.79,331.93,4,159,602.75
1226,9/14/2023,18,1,326.51,666.33,6,86,76.79
1227,12/19/2021,29,13,560.24,487.16,7,107,31.85
1228,3/4/2021,1,30,208.32,381.55,7,185,369.33
1229,5/12/2021,25,1,968.2,132.36,2,20,259.11
1230,8/16/2023,8,5,395,12.92,4,129,119.24
1231,5/31/2021,30,34,815.98,742.29,10,85,2047.4
1232,9/15/2021,6,20,313.7,759.79,4,32,178.9
1233,7/17/2023,24,1,535.05,407.07,8,175,153.01
1234,4/6/2021,20,49,433.6,188.89,4,200,62.97
1235,7/4/2024,28,4,721.52,691.14,3,92,570.38
1236,8/12/2021,21,22,169.88,297.16,1,24,2.61
1237,3/2/2021,18,4,382.62,397.09,5,39,202.17
1238,7/12/2021,10,22,281.53,758.32,2,177,70.03
1239,2/2/2024,21,46,816.76,450.5,6,62,1117.99
1240,2/9/2021,5,25,646.15,32.79,7,181,943.46
1241,4/2/2021,13,20,771.26,727.7,4,124,860.47
1242,2/18/2022,9,36,592.88,116.05,10,79,292.24
1243,6/29/2022,14,10,997.34,244.91,5,128,1220.09
1244,8/28/2023,29,50,356.22,189.17,7,48,414.54
1245,11/23/2021,14,46,393.62,132.51,1,66,104.82
1246,1/30/2023,23,1,847.54,84.74,8,146,1909.52
1247,1/12/2023,2,26,391.64,458.25,10,28,16.01
1248,10/6/2021,12,24,69.38,693.39,10,191,86.55
1249,9/27/2024,28,21,49.79,36.24,9,188,13.64
1250,11/17/2022,27,36,691.66,718.61,7,30,675.04
1251,3/17/2022,30,40,852.4,678.89,5,164,920
1252,8/17/2023,10,26,942.94,556.5,6,110,784.18
1253,9/10/2021,9,16,509.4,529.9,10,190,276.92
1254,8/9/2022,10,50,354.86,270.85,4,46,246.08
1255,7/22/2021,10,2,155.57,129.46,6,90,81.35
1256,12/4/2023,30,32,657.82,275.36,5,76,722.99
1257,8/9/2023,25,30,224.78,437.04,9,112,556.44
1258,7/1/2023,30,26,302.56,235.14,3,114,70.5
1259,8/1/2023,10,14,474.02,349.54,7,2,543.88
1260,2/23/2024,26,33,501.39,246.92,4,68,460.26
1261,10/30/2023,7,8,326.64,345.83,6,180,304.6
1262,11/18/2023,17,31,796.78,551.46,5,32,261.37
1263,12/6/2022,29,36,275.59,19.76,9,127,299.87
1264,11/2/2021,17,14,196.75,656.53,5,31,165.28
1265,12/2/2023,9,43,108.63,98.84,2,121,3.59
1266,7/2/2023,29,45,303.72,265.95,4,111,279.19
1267,5/26/2024,23,29,234.06,527.22,3,182,6.32
1268,11/21/2022,6,18,708.66,503.86,6,9,167.29
1269,11/9/2022,3,33,532.79,665.72,1,161,66.14
1270,8/29/2024,4,24,667.96,16.73,6,81,735.74
1271,4/23/2023,7,46,179.84,716.68,3,168,103.36
1272,9/16/2024,4,31,794.32,428.88,6,171,920.4
1273,6/16/2022,4,49,216.17,268.31,7,170,42.49
1274,9/19/2024,23,5,896.95,159.98,6,54,679.57
1275,11/30/2024,13,23,108.98,505.62,10,178,11.55
1276,10/8/2023,1,34,783.72,692.57,4,133,297.69
1277,12/11/2022,7,22,108.88,529.42,5,163,146.81
1278,12/2/2024,18,24,157.79,706.9,8,152,90.6
1279,11/3/2021,8,44,216.54,74.61,8,28,360.63
1280,10/28/2022,27,26,569.89,21.08,3,61,457.75
1281,11/10/2024,14,19,664.57,172.4,10,60,1365.95
1282,10/3/2021,5,21,358.02,659.24,2,161,23.44
1283,5/21/2021,1,25,536.37,263.23,4,76,528.08
1284,12/17/2022,3,40,507.71,235.77,2,16,213.24
1285,8/19/2024,7,38,329.88,124.61,10,121,703.1
1286,4/8/2021,1,23,824.11,353.56,5,52,558.3
1287,4/16/2022,29,46,889.57,704.29,9,82,349.7
1288,12/21/2023,30,33,616.61,654.28,8,12,168.23
1289,12/1/2022,27,17,298.7,439.31,2,188,160.29
1290,8/2/2021,7,42,570.43,606.17,5,190,166.44
1291,2/13/2023,8,41,666.58,642.03,1,135,20.14
1292,1/9/2024,16,8,463.15,173.05,6,63,145.37
1293,4/18/2022,13,42,637.57,226.75,6,79,362.78
1294,4/19/2022,2,19,661.24,504.18,3,113,401.22
1295,2/20/2021,22,2,870.66,191.96,5,139,823.63
1296,12/22/2023,13,39,136.89,262.98,4,67,64.28
1297,7/11/2024,26,6,858.37,141.14,10,75,1572.48
1298,5/27/2022,25,34,349.94,716.8,5,28,465.04
1299,6/30/2021,16,39,828.86,624.99,2,179,359.15
1300,8/19/2021,13,1,948.07,55.85,6,5,842.19
1301,12/16/2021,7,28,228.91,504.95,6,32,333.6
1302,3/29/2024,29,10,736.47,637.12,6,145,405.61
1303,5/8/2022,1,48,563.48,380.84,9,100,318.07
1304,9/7/2021,7,40,184.72,735.14,2,10,32.68
1305,8/13/2022,14,38,285.32,358.76,10,14,84.72
1306,7/5/2023,23,10,127.43,13.58,9,68,65.24
1307,9/7/2024,28,43,89.83,619.3,3,85,9.82
1308,4/27/2021,1,32,185.32,595.73,6,172,158.57
1309,7/23/2023,2,15,632.18,357.69,8,175,1088.13
1310,1/2/2023,13,50,724.71,293.06,5,18,217.87
1311,5/25/2023,16,13,645.23,246.87,3,165,186.85
1312,9/30/2023,13,42,674.2,439.67,4,21,387.22
1313,1/17/2023,3,19,110.5,223.15,7,33,153.19
1314,10/31/2022,27,31,299.12,320.91,10,80,591.3
1315,4/19/2023,24,2,951.62,257.07,10,124,2516.82
1316,12/25/2021,29,35,369.06,606.89,6,25,24.3
1317,2/14/2023,17,23,174.11,50.67,4,54,52.42
1318,2/26/2023,19,17,839.3,660.46,3,135,249.29
1319,9/9/2023,25,9,848.13,730.66,4,121,837.04
1320,5/13/2023,20,4,391.81,581.53,6,20,438.75
1321,8/14/2024,20,32,688.17,123.94,2,28,107.15
1322,11/19/2022,24,37,487.18,371.56,6,164,428.27
1323,5/30/2021,3,18,168.22,227.23,9,183,332.16
1324,5/28/2022,14,29,645.03,275.23,5,117,109.35
1325,1/1/2021,11,14,828.38,147.11,1,59,127.63
1326,11/4/2021,4,12,439.11,360.92,2,170,172.99
1327,8/17/2021,28,18,456.68,599.46,5,6,135.32
1328,10/22/2023,21,50,246.54,333.98,1,151,36.01
1329,7/30/2021,18,1,96.53,512.09,2,157,47.98
1330,8/1/2022,26,44,353.03,469.18,8,98,728
1331,7/31/2022,20,47,240.58,547.76,9,73,496.94
1332,2/19/2022,23,41,157.05,171.79,4,190,122.09
1333,9/22/2021,14,39,577.2,667.73,6,111,200.03
1334,11/7/2024,13,49,686.97,579.26,5,196,198.89
1335,5/29/2022,22,7,340.88,177.46,3,74,158.01
1336,7/23/2022,4,48,910.4,135.66,3,62,618.9
1337,12/3/2022,25,33,259.47,438.38,2,177,154.77
1338,7/27/2023,7,49,604.56,64.41,4,2,255.24
1339,10/20/2024,24,50,675.31,289.47,2,78,91.6
1340,3/7/2021,3,13,795.98,485.35,5,169,852.87
1341,11/16/2023,30,18,453.19,141.2,9,43,530.8
1342,4/29/2021,8,6,272.33,532.22,9,157,678.06
1343,2/24/2024,23,37,570.17,383.17,1,43,157.31
1344,5/20/2024,23,21,455.32,679.46,4,143,206.33
1345,12/31/2021,2,18,572.57,240.61,5,110,113.97
1346,10/2/2023,17,21,456.95,615.22,3,30,312
1347,7/30/2022,11,8,946.34,752.09,4,1,1125.79
1348,12/19/2023,7,27,94.74,473.72,2,86,2.45
1349,4/29/2024,28,46,340.92,780.88,6,153,154.82
1350,5/9/2024,21,37,544.71,606.77,1,194,0.62
1351,8/11/2022,17,14,680.73,783.15,4,11,245.91
1352,11/6/2022,2,47,690.43,139.1,2,105,15.18
1353,5/20/2023,21,20,25.29,632.9,5,33,18.38
1354,5/28/2024,6,28,757.77,110.34,9,65,1120.78
1355,6/26/2022,22,26,281.16,213.67,4,189,289.73
1356,11/7/2024,12,25,907.74,98.55,4,41,5.38
1357,4/22/2021,13,14,493.11,599.98,9,198,1330.59
1358,5/17/2022,12,18,89.01,419.09,9,145,1.02
1359,5/5/2023,13,38,366.61,631.15,8,84,603.2
1360,5/14/2024,1,44,736.97,599.22,9,22,1963.6
1361,3/14/2022,28,22,498.49,697.56,9,107,985.55
1362,5/23/2023,8,1,768.07,655.93,9,102,1300.64
1363,3/10/2023,8,13,286.1,645.17,5,178,36.39
1364,3/9/2023,4,39,428.49,745.53,3,159,233.82
1365,12/21/2022,25,35,743.14,423.01,3,143,371.97
1366,1/22/2021,9,1,732.03,506.91,3,109,313.54
1367,7/21/2022,4,14,225.2,156.38,10,95,6.18
1368,7/6/2023,1,46,97.03,364.71,6,180,157.36
1369,5/4/2024,15,18,535.19,692.16,5,190,319.59
1370,6/4/2023,16,48,593.18,210.83,9,82,649.79
1371,5/12/2024,19,1,103.48,663.19,3,23,86.43
1372,1/14/2021,16,4,20.86,484.22,3,47,14.55
1373,6/23/2024,19,11,188.63,143.62,10,44,238.52
1374,4/2/2023,22,13,630.05,384.73,3,172,306.94
1375,2/7/2024,13,34,724.83,636.21,9,144,933.54
1376,4/23/2022,22,31,946.47,304.31,7,180,555.75
1377,6/10/2022,5,8,487.25,212.52,9,4,678.27
1378,10/1/2021,30,48,939.69,206.86,6,171,317.57
1379,1/11/2022,23,31,406.05,263,9,176,494.19
1380,3/9/2023,11,20,23.83,134.22,7,89,1.91
1381,4/24/2021,10,5,38.61,306.94,7,134,43.77
1382,9/30/2024,30,44,709.61,138.63,9,33,900.98
1383,12/2/2021,25,6,960.79,765.25,1,39,18.84
1384,9/26/2021,23,37,376.01,743.96,4,11,25.6
1385,3/4/2022,27,4,391.51,372.72,4,109,148.13
1386,12/31/2022,16,16,500.22,483.17,3,17,142.59
1387,3/21/2024,22,21,929.89,350.55,8,74,817.55
1388,6/18/2021,10,48,33.07,273.52,3,146,3.53
1389,7/30/2024,12,26,126.95,539.27,2,96,54.51
1390,6/25/2023,13,26,656.9,55.15,2,148,212.68
1391,4/19/2022,26,34,241.75,76.49,4,1,168.88
1392,5/15/2022,15,15,313.21,465.41,5,16,423.91
1393,2/9/2023,26,14,864.18,96.39,6,44,348.51
1394,11/22/2021,12,50,652.84,254.5,6,160,980.15
1395,9/15/2023,29,12,362.53,45.38,1,147,87.23
1396,2/26/2021,29,16,435.69,377.96,1,152,25.19
1397,1/30/2023,19,44,497.6,487.23,8,5,1062.89
1398,6/22/2021,3,29,169.53,340.18,3,127,2.55
1399,11/8/2023,23,18,552.58,586.38,7,29,116.48
1400,9/16/2024,24,13,637.9,627.1,9,83,721.01
1401,10/2/2022,4,16,427.14,420.86,2,165,146.85
1402,10/28/2023,29,47,729.62,383.39,1,15,29.38
1403,6/10/2022,7,21,927.13,614.57,5,9,315.58
1404,7/22/2022,5,48,531.23,349.2,1,103,46.46
1405,12/24/2021,17,1,447.44,570.97,10,149,364.5
1406,11/5/2022,1,38,720.38,793.03,6,93,810.56
1407,3/27/2023,4,14,281.25,474.53,10,6,559.16
1408,7/29/2021,17,30,334.89,690.61,7,129,327.8
1409,9/3/2024,18,32,145.2,709.65,6,26,209.1
1410,6/5/2023,12,24,902.56,445.86,10,147,2676.05
1411,4/2/2022,29,44,967.58,473.21,5,143,940.61
1412,3/20/2023,20,43,372.98,193.54,7,43,398.76
1413,10/22/2023,9,7,527.47,435.82,10,14,468.99
1414,9/5/2024,2,2,295.45,705.85,7,175,531.86
1415,5/20/2022,12,5,180.39,356.28,3,94,141.36
1416,11/5/2022,26,49,854.18,148.65,3,179,118.42
1417,1/24/2023,3,49,434.31,164.68,6,171,663.66
1418,10/1/2024,5,28,870.2,389.86,9,116,969.26
1419,6/15/2021,22,50,629.05,270.45,2,167,60.86
1420,5/25/2021,28,19,756.92,644.41,4,169,713.67
1421,5/16/2023,27,14,46.95,65.52,3,159,26.32
1422,9/15/2021,26,34,595.52,278.93,10,118,1341.3
1423,4/6/2021,1,42,63.86,322.7,2,79,4.72
1424,2/21/2023,6,26,945.74,291.82,1,35,25.41
1425,2/2/2023,9,9,460.27,553.39,2,182,256.49
1426,6/16/2023,14,30,172.97,539.41,3,36,41.88
1427,6/27/2024,21,27,574.21,158.23,3,142,313.4
1428,11/28/2022,14,16,874.94,448.81,7,159,913.28
1429,3/23/2022,17,1,81.82,341.33,2,76,42.07
1430,3/21/2022,22,13,957.64,327.25,4,84,498.18
1431,9/4/2022,8,39,864.17,466.39,1,117,168.78
1432,8/12/2023,18,1,531.34,339.49,2,63,93.46
1433,2/27/2023,25,12,841,51.37,7,96,806.91
1434,2/8/2021,11,17,726.55,483.25,8,139,200.21
1435,10/30/2024,20,24,997.78,236.22,1,126,231.54
1436,1/2/2023,20,39,734.39,546.93,6,172,1231.36
1437,8/31/2024,28,36,510.43,297.04,6,125,123.98
1438,10/5/2021,27,3,886.01,722.75,9,140,1866.38
1439,11/6/2024,9,24,207.34,684.76,3,140,14.18
1440,11/28/2022,26,39,211.32,276.64,6,84,329.1
1441,7/21/2023,5,7,83.16,754.18,2,173,13.17
1442,3/22/2021,10,41,818.5,725.76,5,8,631.48
1443,9/11/2024,20,8,706.65,31.15,3,117,384.11
1444,11/5/2022,4,18,62.86,66.43,7,28,113.71
1445,7/27/2022,18,6,921.14,567.15,7,68,656.83
1446,7/2/2024,3,26,981.47,214.95,7,198,1371.5
1447,4/4/2024,20,31,819.68,154.33,6,16,473.5
1448,3/7/2022,11,1,298.21,79.55,9,118,367.57
1449,1/7/2024,21,13,461.9,611.86,10,80,1138.26
1450,5/16/2021,8,6,388.41,500.99,5,173,142.82
1451,11/25/2023,27,10,79.21,295.67,10,195,73.13
1452,11/11/2022,3,45,610.1,533.83,7,17,137.27
1453,8/7/2022,17,36,341.22,585.75,2,65,170.97
1454,3/3/2024,2,36,123.48,77.91,5,175,114.7
1455,6/3/2021,19,28,20.85,98.98,9,39,12.37
1456,4/18/2024,23,20,408.39,420.08,4,21,410.46
1457,5/17/2022,3,47,344.04,755.93,9,166,370.44
1458,10/25/2023,19,27,534.02,152.51,3,145,193.42
1459,11/1/2023,29,24,395.6,457.22,1,115,24.25
1460,11/1/2024,28,26,379.6,554.54,9,171,186.94
1461,5/28/2021,23,1,38.17,10.65,9,58,34.52
1462,10/26/2022,10,5,979.06,57.39,10,81,2347.32
1463,12/9/2021,20,17,558.55,509.54,9,50,185.01
1464,2/20/2024,24,34,56.25,647.06,10,182,24.09
1465,10/25/2023,13,6,523.7,794.33,1,124,105.67
1466,1/23/2023,17,20,468.87,391.01,5,90,295.91
1467,10/6/2022,18,37,519.99,762.09,2,95,275.01
1468,4/12/2023,20,17,883.16,128.59,4,85,499.89
1469,5/17/2023,15,18,67.84,766.71,3,114,37.34
1470,6/16/2023,26,13,217.5,378.9,6,69,320.14
1471,12/2/2021,2,29,71.13,138.87,2,134,40.82
1472,12/4/2021,3,46,455.85,322.25,2,189,10.89
1473,6/7/2022,6,36,141.03,653.84,8,139,17.09
1474,7/23/2022,6,23,974.53,292.63,2,44,419.81
1475,11/4/2022,27,2,140.37,785.52,4,170,38.1
1476,3/10/2024,18,26,50.31,63.05,7,83,17.38
1477,5/28/2022,9,43,503.94,542.91,2,14,211.68
1478,7/10/2021,5,12,226.6,230.57,3,3,74.87
1479,2/14/2024,14,6,440.96,235.59,10,17,974.64
1480,7/30/2022,18,1,133.07,350.65,4,165,80.72
1481,6/27/2024,21,37,296.17,627.95,8,119,446.5
1482,8/7/2024,18,29,740.79,64.51,2,139,220.88
1483,11/10/2023,3,46,294.43,680.71,3,47,254.27
1484,4/24/2023,21,40,209.35,498.86,5,113,139.48
1485,9/21/2024,4,22,109.77,195.01,3,62,94.16
1486,9/20/2023,17,49,686.44,732.96,9,193,302.63
1487,12/9/2021,16,49,269.25,625.24,7,12,40.85
1488,6/17/2023,12,37,274.02,628.51,10,143,525.31
1489,8/3/2022,22,36,166.01,197.58,10,81,168.43
1490,3/24/2021,19,40,450.6,177.7,4,7,337.59
1491,3/24/2022,11,15,672.06,716.89,2,28,30.56
1492,11/15/2021,17,37,807.98,211.95,2,89,151.51
1493,10/18/2021,11,36,928.23,554.9,2,136,84.28
1494,11/24/2023,17,19,563.4,263.37,6,42,728.93
1495,9/27/2023,27,46,668.92,552.45,10,11,1200.11
1496,9/25/2024,22,1,45.62,584.89,6,50,76.5
1497,10/28/2022,3,25,906.94,470.89,9,124,1560.72
1498,8/17/2023,10,15,310.1,392.55,3,68,176.02
1499,8/29/2024,12,50,330.03,60.22,5,98,107.7
1500,10/30/2024,25,16,767.02,146.13,9,25,1640.04
